Proje;City;District;Latitude;Longitude;Station;Mil
Dokakites;RİZE;ÇAYELİ;41.2555;40.715533;RC4;10.0
Dokakites;RİZE;ÇAYELİ;41.17215;40.715533;RC3;5.0
Dokakites;RİZE;ÇAYELİ;41.122117;40.715533;RC2;1.0
Dokakites;RİZE;ÇAYELİ;41.106867;40.711433;RC1;0.5
Dokakites;ARTVİN;ARHAVİ;41.52105;41.287867;AA4;10.0
Dokakites;ARTVİN;ARHAVİ;41.437783;41.287867;AA3;5.0
Dokakites;ARTVİN;ARHAVİ;41.3697;41.287867;AA2;1.0
Dokakites;ARTVİN;ARHAVİ;41.35655;41.287867;AA1;0.5
Dokakites;TRABZON;MERKEZ;41.006667;39.7655;TM1;0.5
Dokakites;TRABZON;MERKEZ;41.026667;39.7655;TM2;1.0
Dokakites;TRABZON;MERKEZ;41.042833;39.7655;TM3;5.0
Dokakites;TRABZON;MERKEZ;41.12675;39.7655;TM4;10.0
Dokakites;GİRESUN;MERKEZ;41.077417;38.443333;GM4;10.0
Dokakites;GİRESUN;MERKEZ;40.997417;38.443333;GM3;5.0
Dokakites;GİRESUN;MERKEZ;40.979333;38.443333;GM2;1.0
Dokakites;GİRESUN;MERKEZ;40.969075;38.443333;GM1;0.5
Dokakites;ORDU;MERKEZ;41.000167;37.935;OM1;0.5
Dokakites;ORDU;MERKEZ;41.014333;37.935;OM2;1.0
Dokakites;ORDU;MERKEZ;41.069083;37.935;OM3;5.0
Dokakites;ORDU;MERKEZ;41.1515;37.935;OM4;10.0
Dokakites;SAMSUN;ÇARŞAMBA;41.55275;36.664083;SC4;10.0
Dokakites;SAMSUN;ÇARŞAMBA;41.468417;36.664083;SC3;5.0
Dokakites;SAMSUN;ÇARŞAMBA;41.410667;36.664083;SC2;1.0
Dokakites;SAMSUN;ÇARŞAMBA;41.393083;36.664083;SC1;0.5
Dokakites;SAMSUN;BAFRA;41.90325;35.970083;SB4;10.0
Dokakites;SAMSUN;BAFRA;41.82;35.970083;SB3;5.0
Dokakites;SAMSUN;BAFRA;41.758833;35.970083;SB2;1.0
Dokakites;SAMSUN;BAFRA;41.752;35.970083;SB1;0.5
Bentik;ARTVİN;KEMALPAŞA;41.495751;41.521081;AK ;
Bentik;RİZE;FINDIKLI;41.297333;41.150896;RF ;
Bentik;RİZE;PAZAR;41.194028;40.918342;RP ;
Bentik;RİZE;ÇAYELİ;41.118338;40.744225;RÇ ;
Bentik;RİZE;MERKEZ;41.043145;40.542662;RM ;
Bentik;TRABZON;SÜRMENE;40.928626;40.202079;TÇB ;
Bentik;TRABZON;ORTAHİSAR;40.998223;39.798864;TH ;
Bentik;TRABZON;AKÇAABAT;41.045453;39.564576;TA ;
Bentik;TRABZON;ÇARŞIBAŞI;41.073007;39.341288;TÇ ;
Bentik;GİRESUN;GÖRELE;41.050218;39.005376;GG;
Bentik;GİRESUN;ESPİYE;40.972984;38.721483;GE ;
Bentik;GİRESUN;MERKEZ;40.923647;38.395287;GM;
Bentik;GİRESUN;AYVASIL;40.945758;38.284362;GA;
Bentik;ORDU;GÜLYALI;40.975383;38.059726;OG;
Bentik;ORDU;PERŞEMBE;41.029424;37.528617;OP ;
Bentik;ORDU;ÜNYE;41.162792;37.127166;TÜ;
Bentik;SAMSUN;ÇARŞAMBA;41.359999;36.88667;SÇB ;
Bentik;SAMSUN;CANİK;41.257845;36.433743;SC ;
Bentik;SAMSUN;DEREKÖY;41.476283;36.230255;SD;
Bentik;SAMSUN;BAFRA;41.742333;35.9515;SB ;
